repository,branch,default_branch,head_sha,ahead_of_review_base,behind_review_base,merge_base_sha
codezinfinity/alexa-actions,master,true,b3c4881fe8a90a9cce002134a11a4da872f92f4a,0,17,b3c4881fe8a90a9cce002134a11a4da872f92f4a
R4ZZB3RRY/alexa-actions,master,true,b3c4881fe8a90a9cce002134a11a4da872f92f4a,0,17,b3c4881fe8a90a9cce002134a11a4da872f92f4a
wolfwander/alexa-actions,master,true,6fb6954761daf8f714d6ab76772592b32312f8f4,1,18,a1a1e5501d909431fd434afb686fb3b16e3ede80
Memohalliwell/alexa-actions,master,true,a1a1e5501d909431fd434afb686fb3b16e3ede80,0,18,a1a1e5501d909431fd434afb686fb3b16e3ede80
renatoptr/alexa-actions,master,true,a1a1e5501d909431fd434afb686fb3b16e3ede80,0,18,a1a1e5501d909431fd434afb686fb3b16e3ede80
MelleD/alexa-actions,main,true,9e805dffe371656745a64ac2b3a6ba75d4d548ee,11,18,a1a1e5501d909431fd434afb686fb3b16e3ede80
MelleD/alexa-actions,master,false,00a5c717b750f0dec74b3942d52bf717c65bbd29,8,18,a1a1e5501d909431fd434afb686fb3b16e3ede80
Headkillah/alexa-actions,master,true,a43e93c213a8ff1fd3ff6f278b253568d0192458,0,19,a43e93c213a8ff1fd3ff6f278b253568d0192458
X-GeneIT/alexa-actions,master,true,a43e93c213a8ff1fd3ff6f278b253568d0192458,0,19,a43e93c213a8ff1fd3ff6f278b253568d0192458
liuruilin1006/alexa-actions,master,true,d788da7080e568089e74132e2f8e6cc9c0421e5e,0,29,d788da7080e568089e74132e2f8e6cc9c0421e5e
ikutiazza/alexa-actions,master,true,d788da7080e568089e74132e2f8e6cc9c0421e5e,0,29,d788da7080e568089e74132e2f8e6cc9c0421e5e
marcovantini/alexa-actions,master,true,414ca97f6197df92f6200365a4a3a4adf734f2e4,1,29,d788da7080e568089e74132e2f8e6cc9c0421e5e
leonardoph2/alexa-actions,master,true,d788da7080e568089e74132e2f8e6cc9c0421e5e,0,29,d788da7080e568089e74132e2f8e6cc9c0421e5e
Pelikan83/alexa-actions,master,true,2983beb1dc8ac79e0eb63a06dd83624d7819e26e,5,29,d788da7080e568089e74132e2f8e6cc9c0421e5e
foxymichelle/alexa-actions,master,true,8879d64afb5b991643ead216f0ab6a56131fd870,8,29,d788da7080e568089e74132e2f8e6cc9c0421e5e
stoic-coder/alexa-actions,master,true,b3c4881fe8a90a9cce002134a11a4da872f92f4a,0,17,b3c4881fe8a90a9cce002134a11a4da872f92f4a
Carguy3/alexa-actions,171-responsenone-not-working-properly-in-echo-plus,false,ef0f6657324ac996158bfd891d8231b306bcae3d,6,41,82ff95e9f90cb759beec7d5dcbbf37389de0e1fa
Carguy3/alexa-actions,207-bug-skill-doesnt-communicate-with-my-ha-instance,false,ef8061e34f3e4b8d64efcebbe46544205ebde4e3,2,40,50780e7e893299a89229f4fb9a952b96cbebeae9
Carguy3/alexa-actions,master,true,f8a86e9a695b1b9d5774d22ec0c30fa79be3d56a,0,30,f8a86e9a695b1b9d5774d22ec0c30fa79be3d56a
jonofe/alexa-actions,master,true,f8a86e9a695b1b9d5774d22ec0c30fa79be3d56a,0,30,f8a86e9a695b1b9d5774d22ec0c30fa79be3d56a
xela1/alexa-actions,master,true,a4350467d46584ec4437436c7afbbcecce94a0e9,1,31,2f628d94b3c23e19b9e0416be4745daeea95ee44
arunbhagyanath/alexa-actions,master,true,d9e507c6116357537c48e48dbb9eff29866d62de,2,31,2f628d94b3c23e19b9e0416be4745daeea95ee44
grote-beer/alexa-actions,171-responsenone-not-working-properly-in-echo-plus,false,ef0f6657324ac996158bfd891d8231b306bcae3d,6,41,82ff95e9f90cb759beec7d5dcbbf37389de0e1fa
grote-beer/alexa-actions,207-bug-skill-doesnt-communicate-with-my-ha-instance,false,ef8061e34f3e4b8d64efcebbe46544205ebde4e3,2,40,50780e7e893299a89229f4fb9a952b96cbebeae9
grote-beer/alexa-actions,master,true,2f628d94b3c23e19b9e0416be4745daeea95ee44,0,31,2f628d94b3c23e19b9e0416be4745daeea95ee44
ziggycatuk/alexa-actions,master,true,ebf252da11d7fa6ae72dee454fe7726193489b1a,0,36,ebf252da11d7fa6ae72dee454fe7726193489b1a
bobbytables2048/alexa-actions,master,true,50780e7e893299a89229f4fb9a952b96cbebeae9,0,40,50780e7e893299a89229f4fb9a952b96cbebeae9
luciotorelli/alexa-actions,master,true,50780e7e893299a89229f4fb9a952b96cbebeae9,0,40,50780e7e893299a89229f4fb9a952b96cbebeae9
gosoares/alexa-actions,fix_state,false,240f2b0f93b27f8621139e22994afbbdf5a62b12,5,43,ea84b2554d7abf2edadb120f3e57c406b74b2ff6
gosoares/alexa-actions,master,true,ea84b2554d7abf2edadb120f3e57c406b74b2ff6,0,43,ea84b2554d7abf2edadb120f3e57c406b74b2ff6
gosoares/alexa-actions,rm_duplicate,false,4f3045aa69c456913e04c040ad6d67403b3c56c4,7,43,ea84b2554d7abf2edadb120f3e57c406b74b2ff6
benepixx/alexa-actions,master,true,ea84b2554d7abf2edadb120f3e57c406b74b2ff6,0,43,ea84b2554d7abf2edadb120f3e57c406b74b2ff6
moura232/alexa-actions,master,true,ea84b2554d7abf2edadb120f3e57c406b74b2ff6,0,43,ea84b2554d7abf2edadb120f3e57c406b74b2ff6
danhajduk/alexa-actions,master,true,346f1ddc08a374f8ac367ef8db7382682bd2cd98,1,43,ea84b2554d7abf2edadb120f3e57c406b74b2ff6
meute/alexa-actions,master,true,ea84b2554d7abf2edadb120f3e57c406b74b2ff6,0,43,ea84b2554d7abf2edadb120f3e57c406b74b2ff6
endersonlg/alexa-actions,master,true,ea84b2554d7abf2edadb120f3e57c406b74b2ff6,0,43,ea84b2554d7abf2edadb120f3e57c406b74b2ff6
capdeveloping/alexa-actions,master,true,a25c0e3193aa10ec4ebefb0275c49ae5dbb01612,1,44,7492427bccad4e9b49aa1880399d7a6d4f9b75d9
wisamarrakee/alexa-actions,master,true,95a0c7110b78baa5a4eb9f539a416af38a6b0a7d,1,44,7492427bccad4e9b49aa1880399d7a6d4f9b75d9
dwoosnam/alexa-actions,master,true,a43e93c213a8ff1fd3ff6f278b253568d0192458,0,19,a43e93c213a8ff1fd3ff6f278b253568d0192458
dwoosnam/alexa-actions,patch-1,false,35b08b917f3f545cf8065b8e2a74bb08dd4aafd3,2,45,a1be7c57da21e99f4725039c295d43760b59b160
rwunsch/alexa-actions,149-use-pydantic-for-ha-state-management-should-make-code-more-readable,false,d158ece2dfc329dd359dbadf6a841d3e333b9dbc,0,53,d158ece2dfc329dd359dbadf6a841d3e333b9dbc
rwunsch/alexa-actions,160-dynamic-ok,false,e853369baa7785ea94c756389b065c8af6e50d20,0,61,e853369baa7785ea94c756389b065c8af6e50d20
rwunsch/alexa-actions,master,true,c071bcd0ebfdfab56e37ef6f9ab3ed5de9deb649,0,57,c071bcd0ebfdfab56e37ef6f9ab3ed5de9deb649
rwunsch/alexa-actions,patch-1,false,f1e320d5f98ca7c5518db1f78a36507dad033c77,6,57,c071bcd0ebfdfab56e37ef6f9ab3ed5de9deb649
rwunsch/alexa-actions,version-0.9.1-including-homeassistant-configurations,false,ef36d3560eba50052f5c70ed2153858d8bfaaaaa,1,57,c071bcd0ebfdfab56e37ef6f9ab3ed5de9deb649
FreddyTheNut/alexa-actions,fix/string-intent,false,c735dfddc86e9feb66ed8e730700ee879e0487f1,1,58,8a0d7f24168cb91918124ee0685ffcbe41a2ff27
FreddyTheNut/alexa-actions,master,true,8a0d7f24168cb91918124ee0685ffcbe41a2ff27,0,58,8a0d7f24168cb91918124ee0685ffcbe41a2ff27
zimonr6/alexa-actions,149-use-pydantic-for-ha-state-management-should-make-code-more-readable,false,d158ece2dfc329dd359dbadf6a841d3e333b9dbc,0,53,d158ece2dfc329dd359dbadf6a841d3e333b9dbc
zimonr6/alexa-actions,160-dynamic-ok,false,e853369baa7785ea94c756389b065c8af6e50d20,0,61,e853369baa7785ea94c756389b065c8af6e50d20
zimonr6/alexa-actions,master,true,e596732f988a1df85ba9b30a1c16c7858f925524,3,58,8a0d7f24168cb91918124ee0685ffcbe41a2ff27
kanthamohan/alexa-actions,master,true,b03d555b31215855a557048da7cfa9e3393685ed,2,58,8a0d7f24168cb91918124ee0685ffcbe41a2ff27
simonk1969/alexa-actions,master,true,1dbe580d5863208a731e8c43ac7a5558bdff10fc,1,58,8a0d7f24168cb91918124ee0685ffcbe41a2ff27
rfraboni/alexa-actions,149-use-pydantic-for-ha-state-management-should-make-code-more-readable,false,d158ece2dfc329dd359dbadf6a841d3e333b9dbc,0,53,d158ece2dfc329dd359dbadf6a841d3e333b9dbc
rfraboni/alexa-actions,160-dynamic-ok,false,e853369baa7785ea94c756389b065c8af6e50d20,0,61,e853369baa7785ea94c756389b065c8af6e50d20
rfraboni/alexa-actions,master,true,52dd20891d6b9e231129b77236559c72d47bd7f2,1,58,8a0d7f24168cb91918124ee0685ffcbe41a2ff27
akela-it/alexa-actions,master,true,c14b95932dac66630b10259311804c2ca4487011,1,58,8a0d7f24168cb91918124ee0685ffcbe41a2ff27
whubbartt/alexa-actions,master,true,f6015a4eb35950b49dc0496a3e53c47990ab9a05,1,58,8a0d7f24168cb91918124ee0685ffcbe41a2ff27
iftttwurst/alexa-actions,master,true,2a2868ca4bcb39c04c66cc11f0a700d4b6573aa0,1,58,8a0d7f24168cb91918124ee0685ffcbe41a2ff27
marloncarvalho/alexa-actions,149-use-pydantic-for-ha-state-management-should-make-code-more-readable,false,d158ece2dfc329dd359dbadf6a841d3e333b9dbc,0,53,d158ece2dfc329dd359dbadf6a841d3e333b9dbc
marloncarvalho/alexa-actions,160-dynamic-ok,false,e853369baa7785ea94c756389b065c8af6e50d20,0,61,e853369baa7785ea94c756389b065c8af6e50d20
marloncarvalho/alexa-actions,master,true,871eff61cbc87d1480709fba00c2f19e5b20fc1e,2,58,8a0d7f24168cb91918124ee0685ffcbe41a2ff27
level451/alexa-actions,master,true,d4625f87ca54980d4134c452bb868010784483c7,1,58,8a0d7f24168cb91918124ee0685ffcbe41a2ff27
MattiaFontana997/alexa-actions,master,true,fb7390876dc1f36cca986f38a418ea5ba483422e,1,17,b3c4881fe8a90a9cce002134a11a4da872f92f4a
jgarmar/alexa-actions,149-use-pydantic-for-ha-state-management-should-make-code-more-readable,false,d158ece2dfc329dd359dbadf6a841d3e333b9dbc,0,53,d158ece2dfc329dd359dbadf6a841d3e333b9dbc
jgarmar/alexa-actions,160-dynamic-ok,false,e853369baa7785ea94c756389b065c8af6e50d20,0,61,e853369baa7785ea94c756389b065c8af6e50d20
jgarmar/alexa-actions,feat/add-spanish-locale,false,fc836ab27934fd9e5bde580ff59de5922ee101f4,1,59,3ae3f46c3db4543be099b0afc93404b100b39026
jgarmar/alexa-actions,master,true,3ae3f46c3db4543be099b0afc93404b100b39026,0,59,3ae3f46c3db4543be099b0afc93404b100b39026
PeterHoge/alexa-actions,master,true,e853369baa7785ea94c756389b065c8af6e50d20,0,61,e853369baa7785ea94c756389b065c8af6e50d20
donduce/alexa-actions,147-get-rid-of-okay-confirmation,false,3b69b1b7e94899696a0220970301d85b996fc38c,0,60,3b69b1b7e94899696a0220970301d85b996fc38c
donduce/alexa-actions,149-use-pydantic-for-ha-state-management-should-make-code-more-readable,false,6f68ba71d844ac1e4408690c87385eab8ff3e859,0,54,6f68ba71d844ac1e4408690c87385eab8ff3e859
donduce/alexa-actions,152-review-the-bug-report-template,false,0113086ebf66de9a2baf3ac9a6386d8f29c4dc6f,1,64,a6619011d57100e05c30ffe1376c738f21a17dc7
donduce/alexa-actions,160-dynamic-ok,false,e853369baa7785ea94c756389b065c8af6e50d20,0,61,e853369baa7785ea94c756389b065c8af6e50d20
donduce/alexa-actions,master,true,e853369baa7785ea94c756389b065c8af6e50d20,0,61,e853369baa7785ea94c756389b065c8af6e50d20
holnburger/alexa-actions,master,true,e853369baa7785ea94c756389b065c8af6e50d20,0,61,e853369baa7785ea94c756389b065c8af6e50d20
fidelbrea/alexa-actions,master,true,1cdb772bd36887c85cda4d4e755d8ec2eca50a7b,7,61,e853369baa7785ea94c756389b065c8af6e50d20
chris24walsh/alexa-actions,master,true,37256c243122fb7183fa3fd489b49c400b8d87c9,1,61,e853369baa7785ea94c756389b065c8af6e50d20
elmar-hinz/alexa-actions,147-get-rid-of-okay-confirmation,true,3b69b1b7e94899696a0220970301d85b996fc38c,0,60,3b69b1b7e94899696a0220970301d85b996fc38c
elmar-hinz/alexa-actions,149-use-pydantic-for-ha-state-management-should-make-code-more-readable,false,50115007b8353dab2ef14562a643e212d6d60165,0,60,50115007b8353dab2ef14562a643e212d6d60165
elmar-hinz/alexa-actions,152-review-the-bug-report-template,false,0113086ebf66de9a2baf3ac9a6386d8f29c4dc6f,1,64,a6619011d57100e05c30ffe1376c738f21a17dc7
elmar-hinz/alexa-actions,master,false,142d898fb5eab1dfe8370edb5117ded9e5426152,0,63,142d898fb5eab1dfe8370edb5117ded9e5426152
JPG-Consulting/alexa-actions,master,true,f16ab866d162a85f149ef9f292865d4c047694d4,0,86,f16ab866d162a85f149ef9f292865d4c047694d4
itacava/alexa-actions,0.7.0-pre,false,f0c6d5bd6b4c426bc2b14930ad25cfbdf1b970e0,1,113,334b29b72328ef65f6ac8324f9f2d8c75c9c32f9
itacava/alexa-actions,master,true,01c6c0c41dcd42467df77159f4998fac97b203d9,0,88,01c6c0c41dcd42467df77159f4998fac97b203d9
ndbroadbent/alexa-actions,master,true,d87687f95d0c36813caa5b92936bd5463ac95199,2,88,01c6c0c41dcd42467df77159f4998fac97b203d9
ssnagi/alexa-actions,0.7.0-pre,false,f0c6d5bd6b4c426bc2b14930ad25cfbdf1b970e0,1,113,334b29b72328ef65f6ac8324f9f2d8c75c9c32f9
ssnagi/alexa-actions,master,true,01c6c0c41dcd42467df77159f4998fac97b203d9,0,88,01c6c0c41dcd42467df77159f4998fac97b203d9
robertovendrame/alexa-actions,0.7.0-pre,false,f0c6d5bd6b4c426bc2b14930ad25cfbdf1b970e0,1,113,334b29b72328ef65f6ac8324f9f2d8c75c9c32f9
robertovendrame/alexa-actions,master,true,01c6c0c41dcd42467df77159f4998fac97b203d9,0,88,01c6c0c41dcd42467df77159f4998fac97b203d9
alpha9295/alexa-actions,0.7.0-pre,false,f0c6d5bd6b4c426bc2b14930ad25cfbdf1b970e0,1,113,334b29b72328ef65f6ac8324f9f2d8c75c9c32f9
alpha9295/alexa-actions,master,true,01c6c0c41dcd42467df77159f4998fac97b203d9,0,88,01c6c0c41dcd42467df77159f4998fac97b203d9
alpha9295/alexa-actions,patch-1,false,0f2e77dff493a9da73feef8d269faabac07c92d9,2,88,01c6c0c41dcd42467df77159f4998fac97b203d9
juananolmo/alexa-te-pregunta,master,true,01c6c0c41dcd42467df77159f4998fac97b203d9,0,88,01c6c0c41dcd42467df77159f4998fac97b203d9
sat-fan2019/alexa-actions,0.7.0-pre,false,f0c6d5bd6b4c426bc2b14930ad25cfbdf1b970e0,1,113,334b29b72328ef65f6ac8324f9f2d8c75c9c32f9
sat-fan2019/alexa-actions,master,true,01c6c0c41dcd42467df77159f4998fac97b203d9,0,88,01c6c0c41dcd42467df77159f4998fac97b203d9
dasaeth/alexa-actions,0.7.0-pre,false,f0c6d5bd6b4c426bc2b14930ad25cfbdf1b970e0,1,113,334b29b72328ef65f6ac8324f9f2d8c75c9c32f9
dasaeth/alexa-actions,master,true,01c6c0c41dcd42467df77159f4998fac97b203d9,0,88,01c6c0c41dcd42467df77159f4998fac97b203d9
jayakumark/alexa-actions,0.7.0-pre,false,f0c6d5bd6b4c426bc2b14930ad25cfbdf1b970e0,1,113,334b29b72328ef65f6ac8324f9f2d8c75c9c32f9
jayakumark/alexa-actions,master,true,01c6c0c41dcd42467df77159f4998fac97b203d9,0,88,01c6c0c41dcd42467df77159f4998fac97b203d9
diegood/alexa-actions,0.7.0-pre,false,f0c6d5bd6b4c426bc2b14930ad25cfbdf1b970e0,1,113,334b29b72328ef65f6ac8324f9f2d8c75c9c32f9
diegood/alexa-actions,master,true,01c6c0c41dcd42467df77159f4998fac97b203d9,0,88,01c6c0c41dcd42467df77159f4998fac97b203d9
wildiego/alexa-actions,master,true,f3f151fba842bd3c275a464485f6f4f838991667,0,93,f3f151fba842bd3c275a464485f6f4f838991667
alejandropprado/ha-alexa-actions,master,true,dcb5946d1f26ded2b3c63813275014418c6a9d89,1,93,f3f151fba842bd3c275a464485f6f4f838991667
Blackbandit1804/alexa-actions,0.7.0-pre,false,f0c6d5bd6b4c426bc2b14930ad25cfbdf1b970e0,1,113,334b29b72328ef65f6ac8324f9f2d8c75c9c32f9
Blackbandit1804/alexa-actions,master,true,f3f151fba842bd3c275a464485f6f4f838991667,0,93,f3f151fba842bd3c275a464485f6f4f838991667
adrienneo19/alexa-actions,0.7.0-pre,false,f0c6d5bd6b4c426bc2b14930ad25cfbdf1b970e0,1,113,334b29b72328ef65f6ac8324f9f2d8c75c9c32f9
adrienneo19/alexa-actions,master,true,4585c054c5b546b2f3867c78e050c4c3b8a63d23,0,94,4585c054c5b546b2f3867c78e050c4c3b8a63d23
flex1996/alexa-actions,0.7.0-pre,false,f0c6d5bd6b4c426bc2b14930ad25cfbdf1b970e0,1,113,334b29b72328ef65f6ac8324f9f2d8c75c9c32f9
flex1996/alexa-actions,master,true,4f3461f120ebd76138a0000464ed3037cc0efb02,0,96,4f3461f120ebd76138a0000464ed3037cc0efb02
AlkaCL/alexa-actions,0.7.0-pre,false,f0c6d5bd6b4c426bc2b14930ad25cfbdf1b970e0,1,113,334b29b72328ef65f6ac8324f9f2d8c75c9c32f9
AlkaCL/alexa-actions,master,true,ae3d9e43983462faacd11df31a3079db4f2201ea,0,105,ae3d9e43983462faacd11df31a3079db4f2201ea
AlkaCL/alexa-actions,patch-1,false,95279f893e6c579bcfcbc2cf81c730323f19aa8e,1,105,ae3d9e43983462faacd11df31a3079db4f2201ea
Chris27293/alexa-actions,0.7.0-pre,false,f0c6d5bd6b4c426bc2b14930ad25cfbdf1b970e0,1,113,334b29b72328ef65f6ac8324f9f2d8c75c9c32f9
Chris27293/alexa-actions,master,true,ae3d9e43983462faacd11df31a3079db4f2201ea,0,105,ae3d9e43983462faacd11df31a3079db4f2201ea
c-cas-smi/alexa-actions,0.7.0-pre,false,f0c6d5bd6b4c426bc2b14930ad25cfbdf1b970e0,1,113,334b29b72328ef65f6ac8324f9f2d8c75c9c32f9
c-cas-smi/alexa-actions,master,true,ae3d9e43983462faacd11df31a3079db4f2201ea,0,105,ae3d9e43983462faacd11df31a3079db4f2201ea
wreston/alexa-actions,0.7.0-pre,false,f0c6d5bd6b4c426bc2b14930ad25cfbdf1b970e0,1,113,334b29b72328ef65f6ac8324f9f2d8c75c9c32f9
wreston/alexa-actions,master,true,ae3d9e43983462faacd11df31a3079db4f2201ea,0,105,ae3d9e43983462faacd11df31a3079db4f2201ea
ctrix/alexa-actions,0.7.0-pre,false,f0c6d5bd6b4c426bc2b14930ad25cfbdf1b970e0,1,113,334b29b72328ef65f6ac8324f9f2d8c75c9c32f9
ctrix/alexa-actions,master,true,ae3d9e43983462faacd11df31a3079db4f2201ea,0,105,ae3d9e43983462faacd11df31a3079db4f2201ea
raidr1/alexa-actions,0.7.0-pre,false,f0c6d5bd6b4c426bc2b14930ad25cfbdf1b970e0,1,113,334b29b72328ef65f6ac8324f9f2d8c75c9c32f9
raidr1/alexa-actions,master,true,ae3d9e43983462faacd11df31a3079db4f2201ea,0,105,ae3d9e43983462faacd11df31a3079db4f2201ea
natwilson/alexa-actions,0.7.0-pre,false,f0c6d5bd6b4c426bc2b14930ad25cfbdf1b970e0,1,113,334b29b72328ef65f6ac8324f9f2d8c75c9c32f9
natwilson/alexa-actions,master,true,ae3d9e43983462faacd11df31a3079db4f2201ea,0,105,ae3d9e43983462faacd11df31a3079db4f2201ea
tebesan/alexa-actions,0.7.0-pre,false,f0c6d5bd6b4c426bc2b14930ad25cfbdf1b970e0,1,113,334b29b72328ef65f6ac8324f9f2d8c75c9c32f9
tebesan/alexa-actions,master,true,ae3d9e43983462faacd11df31a3079db4f2201ea,0,105,ae3d9e43983462faacd11df31a3079db4f2201ea
ccorderor/alexa-actions,master,true,a85598471600c4c71387a8d2132a2c3aa091ca13,5,105,ae3d9e43983462faacd11df31a3079db4f2201ea
pjfian/alexa-actions,0.7.0-pre,false,f0c6d5bd6b4c426bc2b14930ad25cfbdf1b970e0,1,113,334b29b72328ef65f6ac8324f9f2d8c75c9c32f9
pjfian/alexa-actions,master,true,ae3d9e43983462faacd11df31a3079db4f2201ea,0,105,ae3d9e43983462faacd11df31a3079db4f2201ea
BarryOCathain/alexa-actions,0.7.0-pre,false,f0c6d5bd6b4c426bc2b14930ad25cfbdf1b970e0,1,113,334b29b72328ef65f6ac8324f9f2d8c75c9c32f9
BarryOCathain/alexa-actions,master,true,ae3d9e43983462faacd11df31a3079db4f2201ea,0,105,ae3d9e43983462faacd11df31a3079db4f2201ea
LaTrappe/alexa-actions,0.7.0-pre,false,f0c6d5bd6b4c426bc2b14930ad25cfbdf1b970e0,1,113,334b29b72328ef65f6ac8324f9f2d8c75c9c32f9
LaTrappe/alexa-actions,master,true,ae3d9e43983462faacd11df31a3079db4f2201ea,0,105,ae3d9e43983462faacd11df31a3079db4f2201ea
1142052Sebastian/alexa-actions,0.7.0-pre,false,f0c6d5bd6b4c426bc2b14930ad25cfbdf1b970e0,1,113,334b29b72328ef65f6ac8324f9f2d8c75c9c32f9
1142052Sebastian/alexa-actions,master,true,ae3d9e43983462faacd11df31a3079db4f2201ea,0,105,ae3d9e43983462faacd11df31a3079db4f2201ea
1142052Sebastian/alexa-actions,patch-1,false,d5baebbd999cfd0f36ff2830c85acee41ba14d4f,1,105,ae3d9e43983462faacd11df31a3079db4f2201ea
Nag94/alexa-actions,0.7.0-pre,false,f0c6d5bd6b4c426bc2b14930ad25cfbdf1b970e0,1,113,334b29b72328ef65f6ac8324f9f2d8c75c9c32f9
Nag94/alexa-actions,master,true,ea84b2554d7abf2edadb120f3e57c406b74b2ff6,0,43,ea84b2554d7abf2edadb120f3e57c406b74b2ff6
Fernando-Checa/alexa-actions,0.7.0-pre,false,f0c6d5bd6b4c426bc2b14930ad25cfbdf1b970e0,1,113,334b29b72328ef65f6ac8324f9f2d8c75c9c32f9
Fernando-Checa/alexa-actions,Fernando-Checa-spanish-strings,false,cb64c66496a5a689eba594ca17d39e8d6d97d429,1,105,ae3d9e43983462faacd11df31a3079db4f2201ea
Fernando-Checa/alexa-actions,master,true,ae3d9e43983462faacd11df31a3079db4f2201ea,0,105,ae3d9e43983462faacd11df31a3079db4f2201ea
pmsc/alexa-actions,0.7.0-pre,false,f0c6d5bd6b4c426bc2b14930ad25cfbdf1b970e0,1,113,334b29b72328ef65f6ac8324f9f2d8c75c9c32f9
pmsc/alexa-actions,master,true,ae3d9e43983462faacd11df31a3079db4f2201ea,0,105,ae3d9e43983462faacd11df31a3079db4f2201ea
mistablik1/alexa-actions,0.7.0-pre,false,f0c6d5bd6b4c426bc2b14930ad25cfbdf1b970e0,1,113,334b29b72328ef65f6ac8324f9f2d8c75c9c32f9
mistablik1/alexa-actions,master,true,ae3d9e43983462faacd11df31a3079db4f2201ea,0,105,ae3d9e43983462faacd11df31a3079db4f2201ea
EssentialNRG/alexa-actions,0.7.0-pre,false,f0c6d5bd6b4c426bc2b14930ad25cfbdf1b970e0,1,113,334b29b72328ef65f6ac8324f9f2d8c75c9c32f9
EssentialNRG/alexa-actions,master,true,ae3d9e43983462faacd11df31a3079db4f2201ea,0,105,ae3d9e43983462faacd11df31a3079db4f2201ea
richard-gibson/alexa-actions,0.7.0-pre,false,f0c6d5bd6b4c426bc2b14930ad25cfbdf1b970e0,1,113,334b29b72328ef65f6ac8324f9f2d8c75c9c32f9
richard-gibson/alexa-actions,master,true,ae3d9e43983462faacd11df31a3079db4f2201ea,0,105,ae3d9e43983462faacd11df31a3079db4f2201ea
CMCMatos/alexa-actions,0.7.0-pre,false,f0c6d5bd6b4c426bc2b14930ad25cfbdf1b970e0,1,113,334b29b72328ef65f6ac8324f9f2d8c75c9c32f9
CMCMatos/alexa-actions,master,true,ae3d9e43983462faacd11df31a3079db4f2201ea,0,105,ae3d9e43983462faacd11df31a3079db4f2201ea
schwelly/alexa-actions,0.7.0-pre,false,f0c6d5bd6b4c426bc2b14930ad25cfbdf1b970e0,1,113,334b29b72328ef65f6ac8324f9f2d8c75c9c32f9
schwelly/alexa-actions,master,true,ae3d9e43983462faacd11df31a3079db4f2201ea,0,105,ae3d9e43983462faacd11df31a3079db4f2201ea
jorgevorg/alexa-actions,0.7.0-pre,false,f0c6d5bd6b4c426bc2b14930ad25cfbdf1b970e0,1,113,334b29b72328ef65f6ac8324f9f2d8c75c9c32f9
jorgevorg/alexa-actions,master,true,ae3d9e43983462faacd11df31a3079db4f2201ea,0,105,ae3d9e43983462faacd11df31a3079db4f2201ea
reecejackson5/alexa-actions,0.7.0-pre,false,f0c6d5bd6b4c426bc2b14930ad25cfbdf1b970e0,1,113,334b29b72328ef65f6ac8324f9f2d8c75c9c32f9
reecejackson5/alexa-actions,master,true,ae3d9e43983462faacd11df31a3079db4f2201ea,0,105,ae3d9e43983462faacd11df31a3079db4f2201ea
kamronlou/alexa-actions,0.7.0-pre,false,f0c6d5bd6b4c426bc2b14930ad25cfbdf1b970e0,1,113,334b29b72328ef65f6ac8324f9f2d8c75c9c32f9
kamronlou/alexa-actions,master,true,ae3d9e43983462faacd11df31a3079db4f2201ea,0,105,ae3d9e43983462faacd11df31a3079db4f2201ea
edilsonspecht/alexa-actions,0.7.0-pre,false,f0c6d5bd6b4c426bc2b14930ad25cfbdf1b970e0,1,113,334b29b72328ef65f6ac8324f9f2d8c75c9c32f9
edilsonspecht/alexa-actions,master,true,ae3d9e43983462faacd11df31a3079db4f2201ea,0,105,ae3d9e43983462faacd11df31a3079db4f2201ea
tonysurma/alexa-actions,0.7.0-pre,false,f0c6d5bd6b4c426bc2b14930ad25cfbdf1b970e0,1,113,334b29b72328ef65f6ac8324f9f2d8c75c9c32f9
tonysurma/alexa-actions,master,true,ae3d9e43983462faacd11df31a3079db4f2201ea,0,105,ae3d9e43983462faacd11df31a3079db4f2201ea
tonysurma/alexa-actions,patch-1,false,de620afedf1d259475faec69c5f92faa690ca388,2,104,13222b138ab32a8556c6ebf07d79f87e4bf49da9
giacinti/alexa-actions,0.7.0-pre,false,f0c6d5bd6b4c426bc2b14930ad25cfbdf1b970e0,1,113,334b29b72328ef65f6ac8324f9f2d8c75c9c32f9
giacinti/alexa-actions,master,true,ae3d9e43983462faacd11df31a3079db4f2201ea,0,105,ae3d9e43983462faacd11df31a3079db4f2201ea
edvaldocastro/alexa-actions,0.7.0-pre,false,f0c6d5bd6b4c426bc2b14930ad25cfbdf1b970e0,1,113,334b29b72328ef65f6ac8324f9f2d8c75c9c32f9
edvaldocastro/alexa-actions,master,true,ae3d9e43983462faacd11df31a3079db4f2201ea,0,105,ae3d9e43983462faacd11df31a3079db4f2201ea
danielamazza/alexa-actions,0.7.0-pre,false,f0c6d5bd6b4c426bc2b14930ad25cfbdf1b970e0,1,113,334b29b72328ef65f6ac8324f9f2d8c75c9c32f9
danielamazza/alexa-actions,master,true,ae3d9e43983462faacd11df31a3079db4f2201ea,0,105,ae3d9e43983462faacd11df31a3079db4f2201ea
danizanon/alexa-actions,0.7.0-pre,false,f0c6d5bd6b4c426bc2b14930ad25cfbdf1b970e0,1,113,334b29b72328ef65f6ac8324f9f2d8c75c9c32f9
danizanon/alexa-actions,master,true,ae3d9e43983462faacd11df31a3079db4f2201ea,0,105,ae3d9e43983462faacd11df31a3079db4f2201ea
domolys/alexa-actions,0.7.0-pre,false,f0c6d5bd6b4c426bc2b14930ad25cfbdf1b970e0,1,113,334b29b72328ef65f6ac8324f9f2d8c75c9c32f9
domolys/alexa-actions,master,true,ae3d9e43983462faacd11df31a3079db4f2201ea,0,105,ae3d9e43983462faacd11df31a3079db4f2201ea
edubox/alexa-actions,0.7.0-pre,false,f0c6d5bd6b4c426bc2b14930ad25cfbdf1b970e0,1,113,334b29b72328ef65f6ac8324f9f2d8c75c9c32f9
edubox/alexa-actions,master,true,ae3d9e43983462faacd11df31a3079db4f2201ea,0,105,ae3d9e43983462faacd11df31a3079db4f2201ea
KairuByte/alexa-actions,0.7.0-pre,false,f0c6d5bd6b4c426bc2b14930ad25cfbdf1b970e0,1,113,334b29b72328ef65f6ac8324f9f2d8c75c9c32f9
KairuByte/alexa-actions,master,true,ae3d9e43983462faacd11df31a3079db4f2201ea,0,105,ae3d9e43983462faacd11df31a3079db4f2201ea
nikitag33/alexa-actions,0.7.0-pre,false,f0c6d5bd6b4c426bc2b14930ad25cfbdf1b970e0,1,113,334b29b72328ef65f6ac8324f9f2d8c75c9c32f9
nikitag33/alexa-actions,master,true,ae3d9e43983462faacd11df31a3079db4f2201ea,0,105,ae3d9e43983462faacd11df31a3079db4f2201ea
dvbit/alexa-actions,0.7.0-pre,false,f0c6d5bd6b4c426bc2b14930ad25cfbdf1b970e0,1,113,334b29b72328ef65f6ac8324f9f2d8c75c9c32f9
dvbit/alexa-actions,master,true,ae3d9e43983462faacd11df31a3079db4f2201ea,0,105,ae3d9e43983462faacd11df31a3079db4f2201ea
dvbit/alexa-actions,patch-1,false,a59ad5c969160577a3bf4df18218767d1cff5a77,1,105,ae3d9e43983462faacd11df31a3079db4f2201ea
PhilouGithub/alexa-actions,0.7.0-pre,false,f0c6d5bd6b4c426bc2b14930ad25cfbdf1b970e0,1,113,334b29b72328ef65f6ac8324f9f2d8c75c9c32f9
PhilouGithub/alexa-actions,master,true,ae3d9e43983462faacd11df31a3079db4f2201ea,0,105,ae3d9e43983462faacd11df31a3079db4f2201ea
S-E-B-123/alexa-actions,0.7.0-pre,false,f0c6d5bd6b4c426bc2b14930ad25cfbdf1b970e0,1,113,334b29b72328ef65f6ac8324f9f2d8c75c9c32f9
S-E-B-123/alexa-actions,master,true,ae3d9e43983462faacd11df31a3079db4f2201ea,0,105,ae3d9e43983462faacd11df31a3079db4f2201ea
FelipeDamasio/alexa-actions,0.7.0-pre,false,f0c6d5bd6b4c426bc2b14930ad25cfbdf1b970e0,1,113,334b29b72328ef65f6ac8324f9f2d8c75c9c32f9
FelipeDamasio/alexa-actions,master,true,ae3d9e43983462faacd11df31a3079db4f2201ea,0,105,ae3d9e43983462faacd11df31a3079db4f2201ea
poloiji/alexa-actions,0.7.0-pre,false,f0c6d5bd6b4c426bc2b14930ad25cfbdf1b970e0,1,113,334b29b72328ef65f6ac8324f9f2d8c75c9c32f9
poloiji/alexa-actions,master,true,ae3d9e43983462faacd11df31a3079db4f2201ea,0,105,ae3d9e43983462faacd11df31a3079db4f2201ea
splash212/alexa-actions,0.7.0-pre,false,f0c6d5bd6b4c426bc2b14930ad25cfbdf1b970e0,1,113,334b29b72328ef65f6ac8324f9f2d8c75c9c32f9
splash212/alexa-actions,master,true,ae3d9e43983462faacd11df31a3079db4f2201ea,0,105,ae3d9e43983462faacd11df31a3079db4f2201ea
wedalzayer/alexa-actions,0.7.0-pre,false,f0c6d5bd6b4c426bc2b14930ad25cfbdf1b970e0,1,113,334b29b72328ef65f6ac8324f9f2d8c75c9c32f9
wedalzayer/alexa-actions,master,true,ae3d9e43983462faacd11df31a3079db4f2201ea,0,105,ae3d9e43983462faacd11df31a3079db4f2201ea
zeplayer2k/alexa-actions,0.7.0-pre,false,f0c6d5bd6b4c426bc2b14930ad25cfbdf1b970e0,1,113,334b29b72328ef65f6ac8324f9f2d8c75c9c32f9
zeplayer2k/alexa-actions,master,true,ae3d9e43983462faacd11df31a3079db4f2201ea,0,105,ae3d9e43983462faacd11df31a3079db4f2201ea
blackburn42330/alexa-actions,0.7.0-pre,false,f0c6d5bd6b4c426bc2b14930ad25cfbdf1b970e0,1,113,334b29b72328ef65f6ac8324f9f2d8c75c9c32f9
blackburn42330/alexa-actions,master,true,ae3d9e43983462faacd11df31a3079db4f2201ea,0,105,ae3d9e43983462faacd11df31a3079db4f2201ea
lamp0chka/alexa-actions,0.7.0-pre,false,f0c6d5bd6b4c426bc2b14930ad25cfbdf1b970e0,1,113,334b29b72328ef65f6ac8324f9f2d8c75c9c32f9
lamp0chka/alexa-actions,master,true,ae3d9e43983462faacd11df31a3079db4f2201ea,0,105,ae3d9e43983462faacd11df31a3079db4f2201ea
DeepCoreSystem/alexa-actions,0.7.0-pre,false,f0c6d5bd6b4c426bc2b14930ad25cfbdf1b970e0,1,113,334b29b72328ef65f6ac8324f9f2d8c75c9c32f9
DeepCoreSystem/alexa-actions,master,true,ae3d9e43983462faacd11df31a3079db4f2201ea,0,105,ae3d9e43983462faacd11df31a3079db4f2201ea
hm1234/alexa-actions,0.7.0-pre,false,f0c6d5bd6b4c426bc2b14930ad25cfbdf1b970e0,1,113,334b29b72328ef65f6ac8324f9f2d8c75c9c32f9
hm1234/alexa-actions,master,true,ae3d9e43983462faacd11df31a3079db4f2201ea,0,105,ae3d9e43983462faacd11df31a3079db4f2201ea
wardozer/alexa-actions,0.7.0-pre,false,f0c6d5bd6b4c426bc2b14930ad25cfbdf1b970e0,1,113,334b29b72328ef65f6ac8324f9f2d8c75c9c32f9
wardozer/alexa-actions,master,true,ae3d9e43983462faacd11df31a3079db4f2201ea,0,105,ae3d9e43983462faacd11df31a3079db4f2201ea
jeringuilla02/alexa-actions,0.7.0-pre,false,f0c6d5bd6b4c426bc2b14930ad25cfbdf1b970e0,1,113,334b29b72328ef65f6ac8324f9f2d8c75c9c32f9
jeringuilla02/alexa-actions,master,true,ae3d9e43983462faacd11df31a3079db4f2201ea,0,105,ae3d9e43983462faacd11df31a3079db4f2201ea
jveniez/alexa-actions,0.7.0-pre,false,f0c6d5bd6b4c426bc2b14930ad25cfbdf1b970e0,1,113,334b29b72328ef65f6ac8324f9f2d8c75c9c32f9
jveniez/alexa-actions,master,true,ae3d9e43983462faacd11df31a3079db4f2201ea,0,105,ae3d9e43983462faacd11df31a3079db4f2201ea
cleberaam/alexa-actions,0.7.0-pre,false,f0c6d5bd6b4c426bc2b14930ad25cfbdf1b970e0,1,113,334b29b72328ef65f6ac8324f9f2d8c75c9c32f9
cleberaam/alexa-actions,master,true,ae3d9e43983462faacd11df31a3079db4f2201ea,0,105,ae3d9e43983462faacd11df31a3079db4f2201ea
Synap-78/alexa-actions,0.7.0-pre,false,f0c6d5bd6b4c426bc2b14930ad25cfbdf1b970e0,1,113,334b29b72328ef65f6ac8324f9f2d8c75c9c32f9
Synap-78/alexa-actions,master,true,ae3d9e43983462faacd11df31a3079db4f2201ea,0,105,ae3d9e43983462faacd11df31a3079db4f2201ea
eyalcha/alexa-actions,0.7.0-pre,false,f0c6d5bd6b4c426bc2b14930ad25cfbdf1b970e0,1,113,334b29b72328ef65f6ac8324f9f2d8c75c9c32f9
eyalcha/alexa-actions,master,true,ae3d9e43983462faacd11df31a3079db4f2201ea,0,105,ae3d9e43983462faacd11df31a3079db4f2201ea
bardx/alexa-actions,0.7.0-pre,false,f0c6d5bd6b4c426bc2b14930ad25cfbdf1b970e0,1,113,334b29b72328ef65f6ac8324f9f2d8c75c9c32f9
bardx/alexa-actions,master,true,ae3d9e43983462faacd11df31a3079db4f2201ea,0,105,ae3d9e43983462faacd11df31a3079db4f2201ea
bardx/alexa-actions,patch-1,false,a1b52530d0f307297b15caf986440801853dfd43,1,105,ae3d9e43983462faacd11df31a3079db4f2201ea
funky1983/alexa-actions,0.7.0-pre,false,f0c6d5bd6b4c426bc2b14930ad25cfbdf1b970e0,1,113,334b29b72328ef65f6ac8324f9f2d8c75c9c32f9
funky1983/alexa-actions,master,true,ae3d9e43983462faacd11df31a3079db4f2201ea,0,105,ae3d9e43983462faacd11df31a3079db4f2201ea
sbendhiba/alexa-actions,0.7.0-pre,false,f0c6d5bd6b4c426bc2b14930ad25cfbdf1b970e0,1,113,334b29b72328ef65f6ac8324f9f2d8c75c9c32f9
sbendhiba/alexa-actions,master,true,ae3d9e43983462faacd11df31a3079db4f2201ea,0,105,ae3d9e43983462faacd11df31a3079db4f2201ea
radischem/alexa-actions,0.7.0-pre,false,f0c6d5bd6b4c426bc2b14930ad25cfbdf1b970e0,1,113,334b29b72328ef65f6ac8324f9f2d8c75c9c32f9
radischem/alexa-actions,master,true,ae3d9e43983462faacd11df31a3079db4f2201ea,0,105,ae3d9e43983462faacd11df31a3079db4f2201ea
sp3cialck/alexa-actions,0.7.0-pre,false,f0c6d5bd6b4c426bc2b14930ad25cfbdf1b970e0,1,113,334b29b72328ef65f6ac8324f9f2d8c75c9c32f9
sp3cialck/alexa-actions,master,true,ae3d9e43983462faacd11df31a3079db4f2201ea,0,105,ae3d9e43983462faacd11df31a3079db4f2201ea
lucaprv/alexa-actions,0.7.0-pre,false,f0c6d5bd6b4c426bc2b14930ad25cfbdf1b970e0,1,113,334b29b72328ef65f6ac8324f9f2d8c75c9c32f9
lucaprv/alexa-actions,master,true,ae3d9e43983462faacd11df31a3079db4f2201ea,0,105,ae3d9e43983462faacd11df31a3079db4f2201ea
Akshajnair/alexa-actions,0.7.0-pre,false,f0c6d5bd6b4c426bc2b14930ad25cfbdf1b970e0,1,113,334b29b72328ef65f6ac8324f9f2d8c75c9c32f9
Akshajnair/alexa-actions,master,true,1c7f4d7f44cfde3187d8cf2d87c9306ba4631fad,2,105,ae3d9e43983462faacd11df31a3079db4f2201ea
Caroonte/alexa-actions,0.7.0-pre,false,f0c6d5bd6b4c426bc2b14930ad25cfbdf1b970e0,1,113,334b29b72328ef65f6ac8324f9f2d8c75c9c32f9
Caroonte/alexa-actions,master,true,ae3d9e43983462faacd11df31a3079db4f2201ea,0,105,ae3d9e43983462faacd11df31a3079db4f2201ea
andreprandina/alexa-actions,0.7.0-pre,false,f0c6d5bd6b4c426bc2b14930ad25cfbdf1b970e0,1,113,334b29b72328ef65f6ac8324f9f2d8c75c9c32f9
andreprandina/alexa-actions,master,true,ae3d9e43983462faacd11df31a3079db4f2201ea,0,105,ae3d9e43983462faacd11df31a3079db4f2201ea
renatothome/alexa-actions,0.7.0-pre,false,f0c6d5bd6b4c426bc2b14930ad25cfbdf1b970e0,1,113,334b29b72328ef65f6ac8324f9f2d8c75c9c32f9
renatothome/alexa-actions,master,true,ae3d9e43983462faacd11df31a3079db4f2201ea,0,105,ae3d9e43983462faacd11df31a3079db4f2201ea
guieiras-dev/alexa-actions,0.7.0-pre,false,f0c6d5bd6b4c426bc2b14930ad25cfbdf1b970e0,1,113,334b29b72328ef65f6ac8324f9f2d8c75c9c32f9
guieiras-dev/alexa-actions,ft/ptBR-locale,false,5564794ca6fbc285cb675d0435dc6e7abc57ecd7,1,105,ae3d9e43983462faacd11df31a3079db4f2201ea
guieiras-dev/alexa-actions,master,true,ae3d9e43983462faacd11df31a3079db4f2201ea,0,105,ae3d9e43983462faacd11df31a3079db4f2201ea
donny151/alexa-actions,0.7.0-pre,false,f0c6d5bd6b4c426bc2b14930ad25cfbdf1b970e0,1,113,334b29b72328ef65f6ac8324f9f2d8c75c9c32f9
donny151/alexa-actions,master,true,ae3d9e43983462faacd11df31a3079db4f2201ea,0,105,ae3d9e43983462faacd11df31a3079db4f2201ea
bvelte95/alexa-actions,0.7.0-pre,false,f0c6d5bd6b4c426bc2b14930ad25cfbdf1b970e0,1,113,334b29b72328ef65f6ac8324f9f2d8c75c9c32f9
bvelte95/alexa-actions,master,true,ae3d9e43983462faacd11df31a3079db4f2201ea,0,105,ae3d9e43983462faacd11df31a3079db4f2201ea
sacdroid/alexa-actions,0.7.0-pre,false,f0c6d5bd6b4c426bc2b14930ad25cfbdf1b970e0,1,113,334b29b72328ef65f6ac8324f9f2d8c75c9c32f9
sacdroid/alexa-actions,master,true,ae3d9e43983462faacd11df31a3079db4f2201ea,0,105,ae3d9e43983462faacd11df31a3079db4f2201ea
plattdl/alexa-actions,0.7.0-pre,false,f0c6d5bd6b4c426bc2b14930ad25cfbdf1b970e0,1,113,334b29b72328ef65f6ac8324f9f2d8c75c9c32f9
plattdl/alexa-actions,master,true,ae3d9e43983462faacd11df31a3079db4f2201ea,0,105,ae3d9e43983462faacd11df31a3079db4f2201ea
ashitaka3948/alexa-actions,0.7.0-pre,false,f0c6d5bd6b4c426bc2b14930ad25cfbdf1b970e0,1,113,334b29b72328ef65f6ac8324f9f2d8c75c9c32f9
ashitaka3948/alexa-actions,master,true,ae3d9e43983462faacd11df31a3079db4f2201ea,0,105,ae3d9e43983462faacd11df31a3079db4f2201ea
calderjh/alexa-actions,0.7.0-pre,false,f0c6d5bd6b4c426bc2b14930ad25cfbdf1b970e0,1,113,334b29b72328ef65f6ac8324f9f2d8c75c9c32f9
calderjh/alexa-actions,master,true,ae3d9e43983462faacd11df31a3079db4f2201ea,0,105,ae3d9e43983462faacd11df31a3079db4f2201ea
paoloantinori/alexa-actions,0.7.0-pre,false,f0c6d5bd6b4c426bc2b14930ad25cfbdf1b970e0,1,113,334b29b72328ef65f6ac8324f9f2d8c75c9c32f9
paoloantinori/alexa-actions,italian,false,52665a9723413bd8ef606ef543505018b7258194,2,101,d1d917aa94af4380624fd5c676901bfba6b2a9e1
paoloantinori/alexa-actions,master,true,af9e6a527b5e0240aec0848075124d4af7e164b2,0,106,af9e6a527b5e0240aec0848075124d4af7e164b2
pbu80/alexa-actions,0.7.0-pre,false,f0c6d5bd6b4c426bc2b14930ad25cfbdf1b970e0,1,113,334b29b72328ef65f6ac8324f9f2d8c75c9c32f9
pbu80/alexa-actions,master,true,af9e6a527b5e0240aec0848075124d4af7e164b2,0,106,af9e6a527b5e0240aec0848075124d4af7e164b2
guilhermelirio/alexa-actions,0.7.0-pre,false,f0c6d5bd6b4c426bc2b14930ad25cfbdf1b970e0,1,113,334b29b72328ef65f6ac8324f9f2d8c75c9c32f9
guilhermelirio/alexa-actions,master,true,af9e6a527b5e0240aec0848075124d4af7e164b2,0,106,af9e6a527b5e0240aec0848075124d4af7e164b2
mk-maddin/alexa-actions,master,true,b524ecbbb4a0b87719aa63951915460bd34fdb80,5,107,9c6cd64828f45a72171ebf5e760be18460a13e12
damiangood484/alexa-actions,0.7.0-pre,false,f0c6d5bd6b4c426bc2b14930ad25cfbdf1b970e0,1,113,334b29b72328ef65f6ac8324f9f2d8c75c9c32f9
damiangood484/alexa-actions,master,true,9c6cd64828f45a72171ebf5e760be18460a13e12,0,107,9c6cd64828f45a72171ebf5e760be18460a13e12
mrdarrengriffin/alexa-actions,0.7.0-pre,false,f0c6d5bd6b4c426bc2b14930ad25cfbdf1b970e0,1,113,334b29b72328ef65f6ac8324f9f2d8c75c9c32f9
mrdarrengriffin/alexa-actions,master,true,9c6cd64828f45a72171ebf5e760be18460a13e12,0,107,9c6cd64828f45a72171ebf5e760be18460a13e12
JonathanCasey/alexa-actions,0.7.0-pre,false,f0c6d5bd6b4c426bc2b14930ad25cfbdf1b970e0,1,113,334b29b72328ef65f6ac8324f9f2d8c75c9c32f9
JonathanCasey/alexa-actions,master,true,9c6cd64828f45a72171ebf5e760be18460a13e12,0,107,9c6cd64828f45a72171ebf5e760be18460a13e12
Pashovski/alexa-actions,0.7.0-pre,false,f0c6d5bd6b4c426bc2b14930ad25cfbdf1b970e0,1,113,334b29b72328ef65f6ac8324f9f2d8c75c9c32f9
Pashovski/alexa-actions,master,true,9c6cd64828f45a72171ebf5e760be18460a13e12,0,107,9c6cd64828f45a72171ebf5e760be18460a13e12
nerdefierodiesserlo/alexa-actions,0.7.0-pre,false,f0c6d5bd6b4c426bc2b14930ad25cfbdf1b970e0,1,113,334b29b72328ef65f6ac8324f9f2d8c75c9c32f9
nerdefierodiesserlo/alexa-actions,master,true,9c6cd64828f45a72171ebf5e760be18460a13e12,0,107,9c6cd64828f45a72171ebf5e760be18460a13e12
keith1831/alexa-actions,0.7.0-pre,false,f0c6d5bd6b4c426bc2b14930ad25cfbdf1b970e0,1,113,334b29b72328ef65f6ac8324f9f2d8c75c9c32f9
keith1831/alexa-actions,master,true,9c6cd64828f45a72171ebf5e760be18460a13e12,0,107,9c6cd64828f45a72171ebf5e760be18460a13e12
kalpej/alexa-actions,0.7.0-pre,false,f0c6d5bd6b4c426bc2b14930ad25cfbdf1b970e0,1,113,334b29b72328ef65f6ac8324f9f2d8c75c9c32f9
kalpej/alexa-actions,master,true,9c6cd64828f45a72171ebf5e760be18460a13e12,0,107,9c6cd64828f45a72171ebf5e760be18460a13e12
Andy1910/alexa-actions,0.7.0-pre,false,f0c6d5bd6b4c426bc2b14930ad25cfbdf1b970e0,1,113,334b29b72328ef65f6ac8324f9f2d8c75c9c32f9
Andy1910/alexa-actions,master,true,9c6cd64828f45a72171ebf5e760be18460a13e12,0,107,9c6cd64828f45a72171ebf5e760be18460a13e12
dudu631/alexa-actions,0.7.0-pre,false,f0c6d5bd6b4c426bc2b14930ad25cfbdf1b970e0,1,113,334b29b72328ef65f6ac8324f9f2d8c75c9c32f9
dudu631/alexa-actions,hotfix/echo_show_displays_response_none,false,95092776dbc92580b90cb85b3941e92f41249bf0,5,106,af9e6a527b5e0240aec0848075124d4af7e164b2
dudu631/alexa-actions,master,true,af9e6a527b5e0240aec0848075124d4af7e164b2,0,106,af9e6a527b5e0240aec0848075124d4af7e164b2
Coolie1101/alexa-actions,0.7.0-pre,false,f0c6d5bd6b4c426bc2b14930ad25cfbdf1b970e0,1,113,334b29b72328ef65f6ac8324f9f2d8c75c9c32f9
Coolie1101/alexa-actions,master,true,9c6cd64828f45a72171ebf5e760be18460a13e12,0,107,9c6cd64828f45a72171ebf5e760be18460a13e12
Altar82/alexa-actions,0.7.0-pre,false,f0c6d5bd6b4c426bc2b14930ad25cfbdf1b970e0,1,113,334b29b72328ef65f6ac8324f9f2d8c75c9c32f9
Altar82/alexa-actions,master,true,9c6cd64828f45a72171ebf5e760be18460a13e12,0,107,9c6cd64828f45a72171ebf5e760be18460a13e12
itzalgd24/alexa-actions,0.7.0-pre,false,f0c6d5bd6b4c426bc2b14930ad25cfbdf1b970e0,1,113,334b29b72328ef65f6ac8324f9f2d8c75c9c32f9
itzalgd24/alexa-actions,master,true,9c6cd64828f45a72171ebf5e760be18460a13e12,0,107,9c6cd64828f45a72171ebf5e760be18460a13e12
kevindesl/alexa-actions,0.7.0-pre,false,f0c6d5bd6b4c426bc2b14930ad25cfbdf1b970e0,1,113,334b29b72328ef65f6ac8324f9f2d8c75c9c32f9
kevindesl/alexa-actions,master,true,9c6cd64828f45a72171ebf5e760be18460a13e12,0,107,9c6cd64828f45a72171ebf5e760be18460a13e12
andcal69/alexa-actions,0.7.0-pre,false,f0c6d5bd6b4c426bc2b14930ad25cfbdf1b970e0,1,113,334b29b72328ef65f6ac8324f9f2d8c75c9c32f9
andcal69/alexa-actions,master,true,9c6cd64828f45a72171ebf5e760be18460a13e12,0,107,9c6cd64828f45a72171ebf5e760be18460a13e12
griskevicius/alexa-actions,0.7.0-pre,false,f0c6d5bd6b4c426bc2b14930ad25cfbdf1b970e0,1,113,334b29b72328ef65f6ac8324f9f2d8c75c9c32f9
griskevicius/alexa-actions,master,true,9c6cd64828f45a72171ebf5e760be18460a13e12,0,107,9c6cd64828f45a72171ebf5e760be18460a13e12
milkog/alexa-actions,master,true,334b29b72328ef65f6ac8324f9f2d8c75c9c32f9,0,113,334b29b72328ef65f6ac8324f9f2d8c75c9c32f9
robyevolution/alexa-actions,master,true,334b29b72328ef65f6ac8324f9f2d8c75c9c32f9,0,113,334b29b72328ef65f6ac8324f9f2d8c75c9c32f9
Valcob/alexa-actions,master,true,334b29b72328ef65f6ac8324f9f2d8c75c9c32f9,0,113,334b29b72328ef65f6ac8324f9f2d8c75c9c32f9
morpheusme/alexa-actions,master,true,334b29b72328ef65f6ac8324f9f2d8c75c9c32f9,0,113,334b29b72328ef65f6ac8324f9f2d8c75c9c32f9
charliedgabriel/alexa-actions,master,true,20ea0b1872340c0c6fc574166da9704efde0f174,0,117,20ea0b1872340c0c6fc574166da9704efde0f174
caiosweet/alexa-actions,master,true,fe28c46098b08643e2e6ca71d6dac92a3c620a9c,0,120,fe28c46098b08643e2e6ca71d6dac92a3c620a9c
bussolotto/alexa-actions,master,true,fe28c46098b08643e2e6ca71d6dac92a3c620a9c,0,120,fe28c46098b08643e2e6ca71d6dac92a3c620a9c
RamonBell/alexa-actions,master,true,8e16d0af1888fcb70c284cfab2030d39e90c8002,0,131,8e16d0af1888fcb70c284cfab2030d39e90c8002
jasrocha/alexa-actions,master,true,8e16d0af1888fcb70c284cfab2030d39e90c8002,0,131,8e16d0af1888fcb70c284cfab2030d39e90c8002
meauxt/alexa-actions,master,true,912ed0472dde6eed451eab09577c519b468ee187,1,131,8e16d0af1888fcb70c284cfab2030d39e90c8002
stevenjev/alexa-actions,master,true,3aeeaf26c1132153500624041255d30d7612d9a7,4,132,5ac9fd24d3e205e956136e17515766f84f49a277
SebastienSoule/alexa-actions,master,true,2f13f271fc976a86236c092c2f0385d8f11e064c,0,133,2f13f271fc976a86236c092c2f0385d8f11e064c
Cisneiros/alexa-actions,master,true,f51306dcd04348e7da9c7ae23ef5cdfb302e156d,0,135,f51306dcd04348e7da9c7ae23ef5cdfb302e156d
sherlock-home/alexa-actions,master,true,78aa5fb91e4a53266af4b07f5be264cbb6076b4c,0,136,78aa5fb91e4a53266af4b07f5be264cbb6076b4c
